{"cameraMode":{"drawMode":0,"name":"Shaded","section":"Shading Mode"},"sceneLighting":true,"audioPlay":false,"sceneViewState":{"m_AlwaysRefresh":false,"showFog":true,"showSkybox":true,"showFlares":true,"showImageEffects":true,"showParticleSystems":true,"showVisualEffectGraphs":true,"m_FxEnabled":true},"in2DMode":false,"pivot":{"x":13.288267135620118,"y":-16.728029251098634,"z":-13.171717643737793},"rotation":{"x":-0.047753509134054187,"y":-0.9441018104553223,"z":0.28527531027793887,"w":-0.15890701115131379},"size":18.68941879272461,"orthographic":false}