{"cameraMode":{"drawMode":0,"name":"Shaded","section":"Shading Mode"},"sceneLighting":true,"audioPlay":false,"sceneViewState":{"m_AlwaysRefresh":false,"showFog":true,"showSkybox":true,"showFlares":true,"showImageEffects":true,"showParticleSystems":true,"showVisualEffectGraphs":true,"m_FxEnabled":true},"in2DMode":false,"pivot":{"x":338.0221252441406,"y":187.78114318847657,"z":-1.494149923324585},"rotation":{"x":0.08539091050624848,"y":-0.014674493111670018,"z":0.0013115978799760342,"w":0.9962846040725708},"size":187.8462371826172,"orthographic":false}