{"cameraMode":{"drawMode":0,"name":"Shaded","section":"Shading Mode"},"sceneLighting":true,"audioPlay":false,"sceneViewState":{"m_AlwaysRefresh":false,"showFog":true,"showSkybox":true,"showFlares":true,"showImageEffects":true,"showParticleSystems":true,"showVisualEffectGraphs":true,"m_FxEnabled":true},"in2DMode":false,"pivot":{"x":-1.2821612358093262,"y":1.3484634160995484,"z":-0.8595619201660156},"rotation":{"x":-0.08898379653692246,"y":-0.832192063331604,"z":0.13982832431793214,"w":-0.5292244553565979},"size":0.22298958897590638,"orthographic":false}