{"cameraMode":{"drawMode":0,"name":"Shaded","section":"Shading Mode"},"sceneLighting":true,"audioPlay":false,"sceneViewState":{"m_AlwaysRefresh":false,"showFog":true,"showSkybox":true,"showFlares":true,"showImageEffects":true,"showParticleSystems":true,"showVisualEffectGraphs":true,"m_FxEnabled":true},"in2DMode":false,"pivot":{"x":2.5376060009002687,"y":2.848038911819458,"z":6.501842021942139},"rotation":{"x":0.026260020211338998,"y":-0.9527609348297119,"z":0.29003238677978518,"w":0.08626517653465271},"size":1.2247449159622193,"orthographic":false}