{"cameraMode":{"drawMode":0,"name":"Shaded","section":"Shading Mode"},"sceneLighting":true,"audioPlay":false,"sceneViewState":{"m_AlwaysRefresh":false,"showFog":true,"showSkybox":true,"showFlares":true,"showImageEffects":true,"showParticleSystems":true,"showVisualEffectGraphs":true,"m_FxEnabled":true},"in2DMode":false,"pivot":{"x":8.069048881530762,"y":-2.6698663234710695,"z":22.239971160888673},"rotation":{"x":-0.11597833782434464,"y":-0.0512717179954052,"z":0.006413424387574196,"w":-0.9920591115951538},"size":12.12435531616211,"orthographic":false}